,"Active Status","Customer","Balance","Balance Total","Company","Mr./Ms./...","First Name","M.I.","Last Name","Primary Contact","Main Phone","Fax","Alt. Phone","Secondary Contact","Job Title","Main Email","Bill to 1","Bill to 2","Bill to 3","Bill to 4","Bill to 5","Ship to 1","Ship to 2","Ship to 3","Ship to 4","Ship to 5","Customer Type","Terms","Rep","Sales Tax Code","Tax item","Resale Num","Account No.","Credit Limit","Job Status","Job Type","Job Description","Start Date","Projected End","End Date"
,"Active","A & B Unfinished Furniture",0.00,0.00,"A & B Unfinished Furniture",,,,,,,,,,,,"A & B Unfinished Furniture","514 Elm Rd NE","Warren, OH 44483",,,"A & B Unfinished Furniture","514 Elm Rd NE","Warren, OH 44483",,,,,,"Non",,,,"",,,,,,
,"Active","A&J Woodworking",0.00,0.00,"A&J Woodworking",,,,,,,,,,,,"A&J Woodworking","12263 County Road 36","Goshen, IN 46528",,,"A&J Woodworking","12263 County Road 36","Goshen, IN 46528",,,,,,"Non",,,,"",,,,,,
,"Active","ABR Print",0.00,0.00,"ABR Print",,,,,,,,,,,,"ABR Print","3808 W Vernal Pike","Bloomington, IN 47404",,,"ABR Print","3808 W Vernal Pike","Bloomington, IN 47404",,,,,,"Non",,,,"",,,,,,
,"Active","Air Works",0.00,0.00,"Air Works",,,,,,,,,,,,"Air Works","5828 Fountain Nook Road","Apple Creek, OH 44606",,,"Air Works","5828 Fountain Nook Road","Apple Creek, OH 44606",,,,,,"Non",,,,"",,,,,,
,"Active","Alegacy Furniture",0.00,0.00,"Alegacy Furniture",,,,,,,,,,,,"Alegacy Furniture","Mike Newswanger","565 Forgedale Road","Barto, PA 19504",,"Alegacy Furniture","Mike Newswanger","565 Forgedale Road","Barto, PA 19504",,,,,"Non",,,,"",,,,,,
,"Active","Alpha Building Center",0.00,0.00,"Alpha Building Center",,,,,,,,,,,,"Alpha Building Center","Att: Dave","0855 N SR 5","Shipshewana, IN 46565",,"Alpha Building Center","Att: Dave","0855 N SR 5","Shipshewana, IN 46565",,,,,"Non",,,,"",,,,,,
,"Active","American Cigar Cabinets",0.00,0.00,"American Cigar Cabinets",,,,,,,,,,,,"American Cigar Cabinets","PO Box 844","Plymouth, IN 46563",,,"American Cigar Cabinets","PO Box 844","Plymouth, IN 46563",,,,,,"Non",,,,"",,,,,,
,"Active","American Eco Furniture LLC",600.00,600.00,"American Eco Furniture LLC",,,,,,,,,,,,"American Eco Furniture LLC","PO Box 82125","Athens, GA 30601",,,"American Eco Furniture LLC","PO Box 82125","Athens, GA 30601",,,,,,"Non",,,,"",,,,,,
,"Active","Ames Woodworking",0.00,0.00,"Ames Woodworking",,,,,,,,,,,,"Ames Woodworking","767 W Lexington Rd","Lititz, PA 17543",,,,,,,,,"1% 10 Net 30",,"Non",,,,"",,,,,,
,"Active","Amish Avenue",0.00,0.00,"Amish Avenue",,,,,,,,,,,,"Amish Avenue","36393 Mills Road","North Ridgeville, OH 44039",,,,,,,,,"1% 10 Net 30",,"Non",,,,"",,,,,,
,"Active","Amish Country Products",0.00,0.00,"Amish Country Products",,,,,,,,,,,,"Amish Country Products","Leslie Strubel","PO Box 244","Norge, VA 23127",,"Amish Country Products","Leslie Strubel","PO Box 244","Norge, VA 23127",,,,,"Non",,,,"",,,,,,
,"Active","Amish Crafted Furniture",0.00,0.00,"Amish Crafted Furniture",,,,,,,,,,,,"Amish Crafted Furniture","805 Starlight Terrace","Mansfield, OH 44904",,,"Amish Crafted Furniture","805 Starlight Terrace","Mansfield, OH 44904",,,,,,"Non",,,,"",,,,,,
,"Active","Amish Furniture By David",0.00,0.00,"Amish Furniture By David",,,,,,,,,,,,"Amish Furniture By David","64 Fieldstone Way","Mountain Top, PA 18707",,,"Amish Furniture By David","64 Fieldstone Way","Mountain Top, PA 18707",,,,,,"Non",,,,"",,,,,,
,"Active","Amish Furniture Factory",0.00,0.00,"Amish Furniture Factory",,,,,,,,,,,,"Amish Furniture Factory","1501 Woodside Cir","Fairfield, IA 52556",,,"Amish Furniture Factory","1501 Woodside Cir","Fairfield, IA 52556",,,,"1% 10 Net 30",,,,,,"",,,,,,
,"Active","Amish Furniture Haus",0.00,0.00,"Amish Furniture Haus",,,,,,,,,,,,"Amish Furniture Haus","2417 Old North Shore Road","Duluth, MN 55804",,,"Amish Furniture Haus","2417 Old North Shore Road","Duluth, MN 55804",,,,,,"Non",,,,"",,,,,,
,"Active","Amish Furniture Shoppe",0.00,0.00,"Amish Furniture Shoppe",,,,,,,,,,,,"Amish Furniture Shoppe","6807 W 159th St","Tinley Park, IL 60477",,,,,,,,,,,"Non",,,,"",,,,,,
,"Active","Amish Furniture Warehouse",0.00,0.00,"Amish Furniture Warehouse",,,,,,,,,,,,"Amish Furniture Warehouse","N4531 Larry Road","New London, WI 54961",,,,,,,,,"1% 10 Net 30",,"Non",,,,"",,,,,,
,"Active","Amish Oak & Americana Furnishings",0.00,0.00,"Amish Oak & Americana Furnishings",,,,,,,,,,,,"Amish Oak & Americana Furnishings","403 S Main St","Park Rapids, MN 56470",,,"Amish Oak & Americana Furnishings","403 S Main St","Park Rapids, MN 56470",,,,,,"Non",,,,"",,,,,,
,"Active","Amish Oak Direct",0.00,0.00,"Amish Oak Direct",,,,,,,,,,,"amishoakdirect@gmail.com","Amish Oak Direct",,,,,,,,,,,,,"Non",,,,"",,,,,,
,"Active","Amish Outlet Store",0.00,0.00,"Amish Outlet Store",,,,,,,,,,,,"Amish Outlet Store","PO Box 396","Smithville, OH 44677",,,"Amish Outlet Store","PO Box 396","Smithville, OH 44677",,,,,,"Non",,,,"",,,,,,
,"Active","Amish reflection",0.00,0.00,"Amish Reflection",,,,,,,,,,,,"Amish Reflection","3175 E Copper Point Dr","Meridian, ID  83642",,,"Amish Reflection","3175 E Copper Point Dr","Meridian, ID 83642",,,,,,"Non",,,,"",,,,,,
,"Active","Amish Showroom",0.00,0.00,"Amish Showroom",,,,,,,,,,,,"Amish Showroom","10730 Triden Ridge Circle","Rogers, MN 55374",,,"Amish Showroom","10730 Triden Ridge Circle","Rogers, MN 55374",,,,,,"Non",,,,"",,,,,,
,"Active","Amish Traditions",0.00,0.00,"Amish Traditions",,,,,,,,,,,,"Amish Traditions","PO Box 339","Nashville, OH 44661",,,"Amish Traditions","PO Box 339","Nashville, OH 44661",,,,,,"Non",,,,"",,,,,,
,"Active","Amish Valley Products",0.00,0.00,"Amish Valley Products",,,,,,,,,,,,"Amish Valley Products","PO Box 235","Walnut Creek, OH 44687",,,"Amish Valley Products","PO Box 235","Walnut Creek, OH 44687",,,,,,"Non",,,,"",,,,,,
,"Active","Amish Woodworking",0.00,0.00,"Amish Woodworking",,,,,,,,,,,,"Amish Woodworking","PO Box 844","Plymouth, IN 46563",,,"Amish Woodworking","PO Box 844","Plymouth, IN 46563",,,,,,"Non",,,,"",,,,,,
,"Active","Amish Workbench Furniture",0.00,0.00,"Amish Workbench Furniture",,,,,,,,,,,,"Amish Workbench Furniture","Karen Lutes","80095 Merion","La Quinta, CA 92253",,"Amish Workbench Furniture","Karen Lutes","80095 Merion","La Quinta, CA 92253",,,"1% 10 Net 30",,,,,,"",,,,,,
,"Active","Amishland Furniture",0.00,0.00,"Amishland Furniture",,"Clair",,"Weaver",,,,,,,,"Amishland Furniture","Clair Weaver","PO Box 1678","Winkler,MB R6W 4B5",,"Amishland Furniture","Clair Weaver","PO Box 1678","Winkler, MB R6W 4B5",,,,,"Non",,,,"",,,,,,
,"Active","Amishshowroom.com",0.00,0.00,"Amishshowroom.com",,,,,,,,,,,,"Amishshowroom.com","10730 Triden Ridge Circle","Rogers, MN 55374",,,"Amishshowroom.com","10730 Triden Ridge Circle","Rogers, MN 55374",,,,,,"Non",,,,"",,,,,,
,"Active","Andal Woodworking",0.00,0.00,"Andal Woodworking",,,,,,,,,,,,"Andal Woodworking","1411 Township Road 151","Baltic, OH 43804",,,"Andal Woodworking","1411 Township Road 151","Baltic, OH 43804",,,,,,"Non",,,,"",,,,,,
,"Active","Artistic Coating",0.00,0.00,"Artistic Coating",,,,,,,,,,,,"Artistic Coating","1185 W US 20","Lagrange, IN 46761",,,"Artistic Coating","1185 W US 20","Lagrange, IN 46761",,,,,,"Non",,,,"",,,,,,
,"Active","Beaver Dam Woodworks",0.00,0.00,"Beaver Dam Woodworks",,,,,,,,,,,,"Beaver Dam Woodworks","2060 Beaver Dam Road","Honey Brook, PA 19344",,,"Beaver Dam Woodworks","2060 Beaver Dam Road","Honey Brook, PA 19344",,,,,,"Non",,,,"",,,,,,
,"Active","Black Carriage Furniture",0.00,0.00,"Black Carriage Furniture",,,,,,,,,,,,"Black Carriage Furniture","2580 US Hwy 6 & 50","Grand Junction, CO  81501",,,"Black Carriage Furniture","2580 US Hwy 6 & 50","Grand Junction, CO 81501",,,,,,"Non",,,,"",,,,,,
,"Active","Blue Ridge Furniture",0.00,0.00,"Blue Ridge Furniture",,,,,,,,,,,,"Blue Ridge Furniture","1763 Weaverland Road","East Earl, PA 17519",,,"Blue Ridge Furniture","1763 Weaverland Road","East Earl, PA 17519",,,,,,"Non",,,,"",,,,,,
,"Active","Buckhorn Amish Outlet",0.00,0.00,"Buckhorn Amish Outlet",,,,,,,,,,,,"Buckhorn Amish Outlet","23855 Buckhorn Lane","Richland Center, WI 53581",,,"Buckhorn Amish Outlet","23855 Buckhorn Lane","Richland Center, WI 53581",,,,,,"Non",,,,"",,,,,,
,"Active","Bucks Unfinished Furniture",0.00,0.00,"Bucks Unfinished Furniture",,,,,,"952-884-0901",,,,,,"Bucks Unfinished Furniture","8806 Lyndale Ave S","Bloomington, MN 55420",,,,,,,,,"1% 10 Net 30",,"Non",,,,"",,,,,,
,"Active","Burress Furniture",0.00,0.00,"Burress Furniture",,,,,,,,,,,,"Burress Furniture","182 Danada Square West","Wheaton, IL 60189",,,"Burress Furniture","182 Danada Square West","Wheaton, IL 60189",,,,,,"Non",,,,"",,,,,,
,"Active","Cabinfield Woodworking LLC",7375.00,7375.00,"Cabinfield Woodworking LLC",,,,,,,,,,,,"Cabinfield Woodworking LLC","15 Cabinfield Circle","Lakewood, NJ 08701",,,,,,,,,"1% 10 Net 30",,,,,,"",,,,,,
,"Active","Capretti Design",-5.00,-5.00,"Capretti Design",,,,,,,,,,,,"Capretti Design","304 Indian Trace #703","Weston, FL 33326",,,,,,,,,"1% 10 Net 30",,"Non",,,,"",,,,,,
,"Active","Carriage Home Furnishings",0.00,0.00,"Carriage House Furnishings",,,,,,"717-768-8712",,,,,,"Carriage House Furnishings","3572 W Newport Road","Ronks, PA 17572",,,"Carriage House Furnishings","3572 W Newport Road","Ronks, PA 17572",,,,,,"Non",,,,"",,,,,,
,"Active","Cedar Ridge Furniture",0.00,0.00,"Cedar Ridge Furniture",,,,,,,,,,,,"Cedar Ridge Furniture","112 Maxwell Hill Road","Morgantown, PA 19543",,,,,,,,,"1% 10 Net 30",,,,,,"",,,,,,
,"Active","Clear Creek Furniture",0.00,0.00,"Clear Creek Furniture",,,,,,,,,,,,"Clear Creek Furniture","1558 E State Route 73","Waynesville, PA 45068",,,,,,,,,"1% 10 Net 30",,,,,,"",,,,,,
,"Active","Colonial Road Woodworks",-2.65,-2.65,"Colonial Road Woodworks",,,,,,,,,,,,"Colonial Road Woodworks","285 Voganville Road","New Holland, PA 17557",,,,,,,,,"1% 10 Net 30",,"Non",,,,"",,,,,,
,"Active","Colorado Rustic LLC",250.00,250.00,"Colorado Rustic LLC",,,,,,,,,,,,"Colorado Rustic LLC","5839 Meadows Dr","Clarkston, MI 48348",,,"Colorado Rustic LLC","5839 Meadows Dr","Clarkston, MI 48348",,,,,,"Non",,,,"",,,,,,
,"Active","Cordell Coblentz",0.00,0.00,"Cordell Coblentz",,,,,,,,,,,,"Cordell Coblentz","PO Box 403","Berlin, OH 44610",,,"Cordell Coblentz","PO Box 403","Berlin, OH 44610",,,,,,"Non",,,,"",,,,,,
,"Active","Country Cupola",0.00,0.00,"Country Cupola",,,,,,,,,,,,"Country Cupola","53 N Ramona Road","Myerstown, PA 17067",,,,,,,,,"1% 10 Net 30",,"Non",,,,"",,,,,,
,"Active","Country Lane Furniture",0.00,0.00,"Country Lane Furniture",,,,,,,,,,,,"Country Lane Furniture","10 Nathan Lane","Annville, PA 17003",,,,,,,,,,,"Non",,,,"",,,,,,
,"Active","Country Road Primitive",0.00,0.00,"Country Road Primitive",,,,,,,,,,,,"Country Road Primitive","7044 County Road 201","Millersburg, OH 44654",,,"Country Road Primitive","7044 County Road 201","Millersburg, OH 44654",,,,,,"Non",,,,"",,,,,,
,"Active","Countryside Amish Furniture LLC",1100.00,1100.00,"Countryside Amish Furniture LLC",,,,,,,"217-543-2951",,,,,"Countryside Amish Furniture LLC","1025 Moses Court","Arthur, IL 61911",,,"Countryside Amish Furniture LLC","1025 Moses Court","Arthur, IL 61911",,,,,,"Non",,,,"",,,,,,
,"Active","Countryside Tables",0.00,0.00,"Countryside Tables",,,,,,,,,,,,"Countryside Tables","4201 County Road 168","Millersburg, OH 44654",,,"Countryside Tables","4201 County Road 168","Millersburg, OH 44654",,,,,,"Non",,,,"",,,,,,
,"Active","Craig Hanson",0.00,0.00,"Craig Hanson",,,,,,,,,,,,"Craig Hanson","3045 County Rd A14","Cresco, IA 52136",,,,,,,,,,,"Non",,,,"",,,,,,
,"Active","Creative Crafts & Furniture",0.00,0.00,"Creative Crafts & Furniture",,,,,,,,,,,,"Creative Crafts & Furniture","5030 Brown Station Rd","Upper Marlboro, MD 20772",,,,,,,,,"1% 10 Net 30",,"Non",,,,"",,,,,,
,"Active","Creative Crafts & Furniture - PA",0.00,0.00,"Creative Crafts & Furniture - PA",,,,,,,,,,,,"Creative Crafts & Furniture - PA","5932 Limeville Rd","Gap, PA 17527",,,"Creative Crafts & Furniture","5932 Limeville Rd","Gap, PA 17527",,,,,,"Non",,,,"",,,,,,
,"Active","Creative Rustic Furniture",0.00,0.00,"Creative Rustic Furniture",,,,,,,,,,,,"Creative Rustic Furniture","1240 Sun Valley Road","Stevens, PA 17578",,,"Creative Rustic Furniture","1240 Sun Valley Road","Stevens, PA 17578",,,,,,"Non",,,,"",,,,,,
,"Active","Cupolas Direct",0.00,0.00,"Cupolas Direct",,,,,,,,,,,,"Cupolas Direct","PO Box 36","Holtwood, PA 17532",,,"Cupolas Direct","PO Box 36","Holtwood, PA 17532",,,,,,"Non",,,,"",,,,,,
,"Active","Dan Swartzentruber",0.00,0.00,"Dan Swartzentruber",,,,,,,,,,,,"Dan Swartzentruber","Erik Organic","350 Main Ave N #2","Harmony, MN 55939",,,,,,,,"1% 10 Net 30",,"Non",,,,"",,,,,,
,"Active","Das Holz Haus",0.00,0.00,"Das Holz Haus",,,,,,,,,,,,"Das Holz Haus","573 N CR325 E","Tuscola, IL 61953",,,"Das Holz Haus","573 N CR325 E","Tuscola, IL 61953",,,,,,"Non",,,,"",,,,,,
,"Active","Dave Kingsley",0.00,0.00,,,,,,,,,,,,,"Dave Kingsley",,,,,,,,,,,,,"Non",,,,"",,,,,,
,"Active","Defining Spaces LLC",0.00,0.00,"Defining Spaces",,,,,,,,,,,,"Defining Spaces","2 Scenic View Dr","Monroeville, PA 15146",,,"Defining Spaces","2 Scenic View Dr","Monroeville, PA 15146",,,,,,"Non",,,,"",,,,,,
,"Active","Detweiler & Kauffman Furniture",0.00,0.00,"Detweiler & Kauffman Furniture",,,,,,,,,,,,"Detweiler & Kauffman Furniture","W282 Atkinson Road","Albany, WI 53502",,,"Detweiler & Kauffman Furniture","W282 Atkinson Road","Albany, WI 53502",,,,,,"Non",,,,"",,,,,,
,"Active","Deutsch Furniture Gallery",0.00,0.00,"Deutsch Furniture Gallery",,,,,,,,,,,,"Deutsch Furniture Gallery","4825 Commercial Drive SW","Rochester, MN 55902",,,"Deutsch Furniture Gallery","4825 Commercial Drive SW","Rochester, MN 55902",,,,,,"Non",,,,"",,,,,,
,"Active","Deutsch Furniture Haus",0.00,0.00,"Deutsch Furniture Haus",,,,,,,,,,,,"Deutsch Furniture Haus","3551 Commercial Dr SW","Rochester, MN 55902",,,"Deutsch Furniture Haus","3551 Commercial Dr SW","Rochester, MN 55902",,,,,,"Non",,,,"",,,,,,
,"Active","Donna Spalding",0.00,0.00,"Donna Spalding",,,,,,,,,,,,"Donna Spalding","400 S State St","PO Box 314","Rochester, WI 53167",,"Donna Spalding","400 S State St","PO Box 314","Rochester, WI 53167",,,,,"Non",,,,"",,,,,,
,"Active","Dovetails Furniture",0.00,0.00,"Dovestail Furniture",,,,,,,,,,,,"Dovestail Furniture","63700 Clausen Rd #102","Bend, OR 97701",,,"Dovestail Furniture","63700 Clausen Rd #102","Bend, OR 97701",,,,,,"Non",,,,"",,,,,,
,"Active","Dutch Craft Furniture",0.00,0.00,"Dutch Craft Furniture",,,,,,,,,,,,"Dutch Craft Furniture","PO Box 199","Berlin, OH 44610",,,"Dutch Craft Furniture","PO Box 199","Berlin, OH 44610",,,,,,"Non",,,,"",,,,,,
,"Active","Dutch Creek Design",0.00,0.00,"Dutch Creek Design",,,,,,,,,,,,"Dutch Creek Design","6900 E Moreland Rd","Fredericksburg, OH 44627",,,,,,,,,"1% 10 Net 30",,"Non",,,,"",,,,,,
,"Active","Dutch Design",0.00,0.00,"Dutch Design",,,,,,,,,,,,"Dutch Design","8216 State Route 241","Fredericksburg, OH 44627",,,"Dutch Design","8216 State Route 241","Fredericksburg, OH 44627",,,,,,"Non",,,,"",,,,,,
,"Active","Dutch Homestead Furniture",0.00,0.00,"Dutch Homestead Furniture",,,,,,,,,,,,"Dutch Homestead Furniture",,,,,"Dutch Homestead Furniture",,,,,,,,"Non",,,,"",,,,,,
,"Active","Dutchmaid Woodworking",0.00,0.00,"Dutchmaid Woodworking LLC",,,,,,,,,,,,"Dutchmaid Woodworking LLC","4510 W 200 N","Shipshewana, IN 46565",,,"Dutchmaid Woodworking LLC","4510 W 200 N","Shipshewana, IN 46565",,,,,,"Non",,,,"",,,,,,
,"Active","Dutchman Log Furniture",350.00,350.00,"Dutchman Log Furniture",,,,,,,,,,,,"Dutchman Log Furniture","C/O Menno Petersheim","7275 W 200 N","Shipshewana, IN 46565",,"Dutchman Log Furniture","C/O Menno Petersheim","7275 W 200 N","Shipshewana, IN 46565",,,,,"Non",,,,"",,,,,,
,"Active","E Custom Bikes",0.00,0.00,"E Custom Bikes",,,,,,,,,,,,"E Custom Bikes","9800 Kidron Road","Fredericksburg, OH 44627",,,"E Custom Bikes","9800 Kidron Road","Fredericksburg, OH 44627",,,,,,"Non",,,,"",,,,,,
,"Active","E&E Quality Furniture",0.00,0.00,"E&E Quality Furniture",,,,,,"410-807-8550",,,,,,"E&E Quality Furniture","418 Camargo Road","Quarryville, PA 17566",,,"E&E Quality Furniture","418 Camargo Road","Quarryville, PA 17566",,,,,,"Non",,,,"",,,,,,
,"Active","E&S Wood Creations",0.00,0.00,"E& S Wood Creations",,,,,,,,,,,,"E & S Wood Creations","2030 N 450 W","Lagrange, IN 46761",,,"E & S Wood Creations","2030 N 450 W","Lagrange, IN 46761",,,,,,"Non",,,,"",,,,,,
,"Active","EH Woodworking",0.00,0.00,"EH Woodworking",,,,,,,,,,,,"EH Woodworking","1763 Weaverland Rd","East Earl, PA 17519",,,"EH Woodworking","1763 Weaverland RdEast Earl, PA 17519",,,,,,,"Non",,,,"",,,,,,
,"Active","Eli Hershberger",0.00,0.00,"Eli Hershberger",,,,,,,,,,,,"Eli Hershberger","13220 Hwy 52","Harmony, MN 55939",,,"Eli Hershberger","13220 Hwy 52","Harmony, MN 55939",,,,"1% 10 Net 30",,"Non",,,,"",,,,,,
,"Active","Erik Organic",0.00,0.00,"Erik Organic",,,,,,,,,,,,"Erik Organic","3125 E 78th St","Inver Grove Heights, MN 55076",,,,,,,,,"1% 10 Net 30",,,,,,"",,,,,,
,"Active","Ervin's Millwork Shop",0.00,0.00,"Ervin's Millwork Shop",,,,,,,,,,,,"Ervin's Millwork Shop","8645 W 100 S","Shipshewana, IN 46565",,,,,,,,,"1% 10 Net 30",,"Non",,,,"",,,,,,
,"Active","Everything Amish",0.00,0.00,"Everything Amish",,,,,,,,,,,,"Everything Amish","1010 13th Ave","West Fargo, ND 58078",,,"Everything Amish","1010 13th Ave","West Fargo, ND 58078",,,,,,"Non",,,,"",,,,,,
,"Active","Fairview Woodworking",300.00,300.00,"Fairview Woodworking",,,,,,,,,,,,"Fairview Woodworking","8655 W 100 S","Shipshewana, IN 46565",,,"Fairview Woodworking","8655 W 100 S","Shipshewana, IN 46565",,,,,,"Non",,,,"",,,,,,
,"Active","Fenkers Furniture",0.00,0.00,"Fenkers Furniture",,,,,,,,,,,,"Fenkers Furniture","1114-16 Lincolnway","LaPorte, IN 46352",,,"Fenkers Furniture","1114-16 Lincolnway","LaPorte, IN 46352",,,,,,"Non",,,,"",,,,,,
,"Active","Fighting Creek Furniture",0.00,0.00,"Fighting Creek Furniture",,,,,,,,,,,,"Fighting Creek Furniture","4190 Old Plantation Road","Powhatan, VA 23139",,,,,,,,,"1% 10 Net 30",,"Non",,,,"",,,,,,
,"Active","Furniture & Things",0.00,0.00,"Furniture & Things Inc",,,,,,,,,,,,"Furniture & Things Inc","15612 Jarvis St NW","Elk River, MN 55330",,,"Furniture & Things Inc","15612 Jarvis St NW","Elk River, MN 55330",,,,,,"Non",,,,"",,,,,,
,"Active","Furniture Craftsmen.com",0.00,0.00,"Furniture Craftsmen.com",,,,,,,,,,,,"Furniture Craftsmen.com","80095 Merion","La Quinta, CA 92253",,,"Furniture Craftsmen.com","80095 Merion","La Quinta, CA 92253",,,,"1% 10 Net 30",,"Non",,,,"",,,,,,
,"Active","Game On Tables",0.00,0.00,"Game On Tables",,,,,,,,,,,,"Game On Tables","Jack Kinney","PO Box 1503","Plymouth, IN 46563",,"Game On Tables","Jack Kinney","PO Box 1503","Plymouth, IN 46563",,,,,"Non",,,,"",,,,,,
,"Active","Genuine Oak Design",0.00,0.00,"Genuine Oak Design",,,,,,,,,,,,"Genuine Oak Design","9035 Senff Rd","Dundee, OH 44624",,,"Genuine Oak Design","9035 Senff Rd","Dundee, OH 44624",,,,,,"Non",,,,"",,,,,,
,"Active","German Heritage",0.00,0.00,"German Heritage",,,,,,,,,,,,"German Heritage","303 Main St","Chester, IA 52134",,,,,,,,,"Due on receipt",,"Non",,,,"",,,,,,
,"Active","Graber's Handcrafted Furniture",0.00,0.00,"Graber's Handcrafted Furniture",,,,,,,,,,,,"Graber's Handcrafted Furniture","8601 N 1000 E","Odon, IN 47562",,,"Graber's Handcrafted Furniture","8601 N 1000 E","Odon, IN 47562",,,,,,"Non",,,,"",,,,,,
,"Active","Green Cradle",0.00,0.00,"Green Cradle",,,,,,,,,,,"edward@greencradle.com","Green Cradle","13344 Ventura Blvd","Sherman Oaks, CA 91423",,,"Green Cradle","13344 Ventura Blvd","Sherman Oaks, CA 91423",,,,,,"Non",,,,"",,,,,,
,"Active","Green Meadow Houses & Feeders",0.00,0.00,"Green Meadow Houses & Feeders",,,,,,,,,,,,"Green Meadow Houses & Feeders","0725 N 840 W","Shipshewana, IN 46565",,,"Green Meadow Houses & Feeders","0725 N 840 W","Shipshewana, IN 46565",,,,,,"Non",,,,"",,,,,,
,"Active","Harmony Cedar",0.00,0.00,"Harmony Cedar",,,,,,,,,,,,"Harmony Cedar","1007 15th Ave N","South Saint Paul, MN 55075",,,,,,,,,"1% 10 Net 30",,,,,,"",,,,,,
,"Active","Heartland Wholesale",0.00,0.00,"Heartland Wholesale",,,,,,,,,,,,"Heartland Wholesale","62780 County Road 37","Goshen, IN 46528",,,"Heartland Wholesale","62780 County Road 37","Goshen, IN 46528",,,,,,"Non",,,,"",,,,,,
,"Active","Hedge House",0.00,0.00,"Hedge House",,"Katlyn",,"Mast",,,,,,,,"Hedge House","Susan Bower","52160 Wayne Ct N","Granger, IN 46530",,"Hedge House","Susan Bower","52160 Wayne Ct N","Granger, IN 46530",,,"1% 10 Net 30",,,,,,"",,,,,,
,"Active","Heritage Acres Woodshop & Wholesale",0.00,0.00,"Heritage Acres Woodshop & Wholesale",,,,,,,,,,,,"Heritage Acres Woodshop & Wholesale","10120 W 500 S","Millersburg, IN 46543",,,"Heritage Acres Woodshop & Wholesale","10120 W 500 S","Millersburg, IN 46543",,,,,,"Non",,,,"",,,,,,
,"Active","Heritage Reflections",0.00,0.00,"Heritage Reflections",,,,,,,,,,,,"Heritage Reflections","3175 E Copper Point Dr","Meridian, ID 43642",,,"Heritage Reflections","3175 E Copper Point Dr","Meridian, ID 43642",,,,,,"Non",,,,"",,,,,,
,"Active","Hershberger Furniture",0.00,0.00,"Hershberger Furniture",,,,,,,,,,,,"Hershberger Furniture","138 S Park Square Suite 102","Fruita, CO 81521",,,,,,,,,"1% 10 Net 30",,,,,,"",,,,,,
,"Active","Hershberger Woodworking",0.00,0.00,"Hershberger Woodworking",,,,,,,,,,,,"Hershberger Woodworking","E22680 County Road RR","Augusta, WI 54722",,,,,,,,,,,"Non",,,,"",,,,,,
,"Active","Hidden Nook",0.00,0.00,"Hidden Nook",,,,,,,,,,,,"Hidden Nook","7882 Township Road 562","Holmesville, OH 44633",,,"Hidden Nook","7882 Township Road 562","Holmesville, OH 44633",,,,,,"Non",,,,"",,,,,,
,"Active","Hilltop Hickory Furniture",0.00,0.00,"Hilltop Hickory Furniture",,,,,,,,,,,,"Hilltop Hickory Furniture","3341 W 1200 N","Ligonier, IN 46767",,,,,,,,,,,"Non",,,,"",,,,,,
,"Active","Honey Brook Woodcrafts",0.00,0.00,"Honey Brook Woodcrafts",,,,,,,,,,,,"Honey Brook Woodcrafts","630 White School Road","Honey Brook, PA",,,"Honey Brook Woodcrafts","630 White School Road","Honey Brook, PA",,,,,,"Non",,,,"",,,,,,
,"Active","Hoosier Poly Products",0.00,0.00,"Hoosier Poly Products",,,,,,,,,,,,"Hoosier Poly Products","9332 W 1100 N","Ligonier, IN 46767",,,"Hoosier Poly Products","9332 W 1100 N","Ligonier, IN 46767",,,,,,"Non",,,,"",,,,,,
,"Active","Hoosier Woodworking",0.00,0.00,"Hoosier Woodworking",,,,,,,,,,,,"Hoosier Woodworking","25180 County Road 52","Nappanee, IN 46550",,,"Hoosier Woodworking","25180 County Road 52","Nappanee, IN 46550",,,,,,"Non",,,,"",,,,,,
,"Active","Industrial Craftsman",0.00,0.00,"Industrial Craftsman",,,,,,,,,,,,"Industrial Craftsman","PO Box 403","Berlin, OH 44610",,,"Industrial Craftsman","PO Box 403","Berlin, OH 44610",,,,,,"Non",,,,"",,,,,,
,"Active","J & R Woodworking",0.00,0.00,"J & R Woodworking",,,,,,,,,,,,"J & R Woodworking","4864 County Road 120","Millersburg, OH 44654",,,,,,,,,"1% 10 Net 30",,,,,,"",,,,,,
,"Active","J&R",0.00,0.00,"J&R",,,,,,,,,,,,"J&R","3200 W 100 N","Lagrange, IN 46761",,,,,,,,,"1% 10 Net 30",,,,,,"",,,,,,
,"Active","Jamie Gile",0.00,0.00,"Jamie Gile",,,,,,,,,,,,"Jamie Gile","640 River St","Dakota, MN 55925",,,"Jamie Gile","640 River St","Dakota, MN 55925",,,,,,"Non",,,,"",,,,,,
,"Active","Jane's Consulting of Amish Furniture",0.00,0.00,"Jane's Consulting of Amish Furniture",,,,,,,,,,,,"Jane's Consulting of Amish Furniture","1642 State Highway 9","Decorah, IA 52101",,,"Jane's Consulting of Amish Furniture","1642 State Highway 9","Decorah, IA 52101",,,,,,"Non",,,,"",,,,,,
,"Active","JM Stoltzfus Furniture, LLC",0.00,0.00,"JM Stoltzfus Furniture, LLC",,,,,,,,,,,,"JM Stoltzfus Furniture, LLC","220 September Road","Honey Brok, PA 19344",,,"JM Stoltzfus Furniture, LLC","220 September Road","Honey Brok, PA 19344",,,,,,"Non",,,,"",,,,,,
,"Active","JMX International",34615.00,34615.00,"JMX International",,,,,,,,,,,"gwen@jmxbrands.com","JMX International","3709 N Lockwood Ridge Road","Sarasota, FL 34234",,,"JMX International","3709 N Lockwood Ridge Road","Sarasota, FL 34234",,,,"1% 10 Net 30",,,,,,"",,,,,,
,"Active","John Bachman",0.00,0.00,"John Bachman",,,,,,,,,,,,"John Bachman","15156 County Road 22","Goshen, IN 46528",,,"John Bachman","15156 County Road 22","Goshen, IN 46528",,,,,,"Non",,,,"",,,,,,
,"Active","John Birrenbach",0.00,0.00,"John Birrenbach",,,,,,,,,,,,"John Birrenbach","18185 N Lake Ln","Pine City, MN 55063",,,"John Birrenbach","18185 N Lake Ln","Pine City, MN 55063",,,,,,"Non",,,,"",,,,,,
,"Active","Junice Severson Estate",0.00,0.00,"Junice Severson Estate",,,,,,,,,,,,"Junice Severson Estate","215 2nd St SE","Harmony, MN 55939",,,,,,,,,,,,,,,"",,,,,,
,"Active","Kari Miller-Cameron",0.00,0.00,"Kari Miller-Cameron",,,,,,,,,,,,"Kari Miller-Cameron","N4W22496 Bluemound Road","Waukesha, WI 53186",,,"Kari Miller-Cameron","N4W22496 Bluemound Road","Waukesha, WI 53186",,,,,,"Non",,,,"",,,,,,
,"Active","KC Handcrafted Amish Furniture",80.00,80.00,"KC Handcrafted SAmish Furniture",,,,,,,,,,,,"KC Handcrafted SAmish Furniture","1826 Huntsboro Lane SW","Cedar Rapids, IA 52404",,,"KC Handcrafted SAmish Furniture","1826 Huntsboro Lane SW","Cedar Rapids, IA 52404",,,,,,"Non",,,,"",,,,,,
,"Active","Keystone Trucking",0.00,0.00,"Keystone Trucking",,,,,,,,,,,,"Keystone Trucking","650 Houlztown Road","Myerstown, PA 17067",,,,,,,,,"1% 10 Net 30",,,,,,"",,,,,,
,"Active","Keystone Wood Design",1650.00,1650.00,"Keystone Wood Design",,,,,,,,,,,,"Keystone Wood Design","253 S Buel Road","Canajoharie, NY 13317",,,"Keystone Wood Design","253 S Buel Road","Canajoharie, NY 13317",,,,,,"Non",,,,"",,,,,,
,"Active","Lapp's Toys & Furniture",0.00,0.00,"Lapp's Toys & Furniture",,,,,,,,,,,,"Lapp's Toys & Furniture","2220 Horseshoe Road","Lancaster, PA 17601",,,"Lapp's Toys & Furniture","2220 Horseshoe Road","Lancaster, PA 17601",,,,,,"Non",,,,"",,,,,,
,"Active","Leon Beiler",0.00,0.00,"Leon Beiler",,,,,,,,,,,,"Leon Beiler","2205 County Road 168","Dundee, OH 44624",,,"Leon Beiler","2205 County Road 168","Dundee, OH 44624",,,,,,"Non",,,,"",,,,,,
,"Active","Long Lane Furniture",0.00,0.00,"Long Lane Furniture",,,,,,,,,,,,"Long Lane Furniture","0700 S State Route 5","Shipshewana, IN 46565",,,,,,,,,"1% 10 Net 30",,,,,,"",,,,,,
,"Active","Loren Yoder",0.00,0.00,"Loren Yoder",,,,,,,,,,,,"Loren Yoder","6230 S 200 W","Wolcottville, IN 46795",,,"Loren Yoder","6230 S 200 W","Wolcottville, IN 46795",,,,,,"Non",,,,"",,,,,,
,"Active","M & V Finishing",0.00,0.00,"M & V Finishing",,,,,,,,,,,,"M & V Finishing","1185 W US 20","Lagrange, IN 46761",,,,,,,,,"1% 10 Net 30",,"Non",,,,"",,,,,,
,"Active","M Brands",750.00,750.00,"M Brands",,,,,,,,,,,,"M Brands","4603 Brookridge Drive","Pittsboro, IN 46167",,,"M Brands","4603 Brookridge Drive","Pittsboro, IN 46167",,,,,,"Non",,,,"",,,,,,
,"Active","Manasses Henry Furniture",0.00,0.00,"Manasses Henry Furniture",,,,,,,,,,,,"Manasses Henry Furniture","53693 County Road 37","Middlebury, IN 46570",,,"Manasses Henry Furniture","53693 County Road 37","Middlebury, IN 46570",,,,,,"Non",,,,"",,,,,,
,"Active","Mary Jane's Solid Oak Furniture",0.00,0.00,"Mary Jane's Solid Oak Furniture",,,,,,,,,,,,"Mary Jane's Solid Oak Furniture","5170 Chain of Rocks Rd","Edwardsville, IL 62025",,,,,,,,,"1% 10 Net 30",,"Non",,,,"",,,,,,
,"Active","Mattie Lu",0.00,0.00,"Mattie Lu",,,,,,,,,,,,"Mattie Lu","PO Box 487","Coleman, TX 76834",,,"Mattie Lu","PO Box 487","Coleman, TX 76834",,,,,,"Non",,,,"",,,,,,
,"Active","McGowans Inc",0.00,0.00,"McGowans Inc",,,,,,,,,,,,"McGowans Inc","3754 Airline Hwy W","Waterloo, IA 50703",,,"McGowans Inc","3754 Airline Hwy W","Waterloo, IA 50703",,,,,,"Non",,,,"",,,,,,
,"Active","Meadowview Backyard Furniture",0.00,0.00,"Meadowview Backyard Furniture",,,,,,,,,,,,"Meadowview Backyard Furniture","6565 W 200 S","Topeka, IN 46571",,,"Meadowview Backyard Furniture","6565 W 200 S","Topeka, IN 46571",,,,,,"Non",,,,"",,,,,,
,"Active","Misc Vendors",-0.20,-0.20,,,,,,,,,,,,,"Misc Vendors",,,,,,,,,,,,,"Non",,,,"",,,,,,
,"Active","Mission Bungalow",475.00,475.00,"Mission Bungalow",,,,,,,,,,,,"Mission Bungalow","1656 County Road E East, Ste 110","White Bear Lake, MN 55110",,,"Mission Bungalow","1656 County Road E East, Ste 110","White Bear Lake, MN 55110",,,,,,"Non",,,,"",,,,,,
,"Active","Morem Electric Inc",0.00,0.00,"Morem Electric Inc",,,,,,,,,,,,"Morem Electric Inc","715 Main Ave N","Harmony, MN 55939",,,,,,,,,,,"Non",,,,"",,,,,,
,"Active","Naked Furniture",0.00,0.00,"Naked Furniture",,,,,,,,,,,,"Naked Furniture","16300 W Glendale Dr","New Berlin, WI 53151",,,"Naked Furniture","16300 W Glendale Dr","New Berlin, WI 53151",,,,,,"Non",,,,"",,,,,,
,"Active","New Hickory Wholesale",0.00,0.00,"New Hickory Wholesale",,,,,,,,,,,"newhickory@comcast.net","New Hickory Wholesale","5609 SW 14th Place","Cape Coral, FL 33914",,,"New Hickory Wholesale","5609 SW 14th Place","Cape Coral, FL 33914",,,,,,"Non",,,,"",,,,,,
,"Active","Northwood Finishing",0.00,0.00,"Northwood Finishing",,,,,,,,,,,,"Northwood Finishing","6825 W 450 N","Shipshewana, IN 46565",,,"Northwood Finishing","6825 W 450 N","Shipshewana, IN 46565",,,,,,"Non",,,,"",,,,,,
,"Active","Ohio Hardwood Furniture",0.00,0.00,"Ohio Hardwood Furniture",,,,,,,,,,,,"Ohio Hardwood Furniture","9399 Lattasburg Road","West Salem, OH 44287",,,,,,,,,"1% 10 Net 30",,"Non",,,,"",,,,,,
,"Active","Old Mill House Shop",0.00,0.00,"Old Mill House Shop",,,,,,"717-299-0678",,,,,,"Old Mill House Shop","105 Strawsburg Pike","Lancaster, PA 17602",,,"Old Mill House Shop","105 Strawsburg Pike","Lancaster, PA 17602",,,,,,"Non",,,,"",,,,,,
,"Active","Olde Brick House",0.00,0.00,"Olde Brick House",,,,,,,,,,,,"Olde Brick House","66 N Main St","Waynesville, NC 28786",,,"Olde Brick House","66 N Main St","Waynesville, NC 28786",,,,,,"Non",,,,"",,,,,,
,"Active","Ona's This & That Shop",0.00,0.00,"Ona's This & That Shop",,,,,,"570-833-4678",,,,,,"Ona's This & That Shop","3271 State Route 267","Meshoppen, PA 18630",,,"Ona's This & That Shop","3271 State Route 267","Meshoppen, PA 18630",,,,,,"Non",,,,"",,,,,,
,"Active","Online Amish Furniture",0.00,0.00,"Online Amish Furniture",,,,,,,,,,,,"Online Amish Furniture","53607 Lakewood Ct","Shelby Township, MI 48315",,,,,,,,,"1% 10 Net 30",,"Non",,,,"",,,,,,
,"Active","Our American Heritage",0.00,0.00,"Our American Heritage",,,,,,,"610-695-0980",,,,,"Our American Heritage","3553 West Chester Pike","Store 153","Newtown Square, PA 19073",,"Our American Heritage","3553 West Chester Pike","Store 153","Newtown Square, PA 19073",,,,,,,,,"",,,,,,
,"Active","Peaceful Valley Furniture",0.00,0.00,"Peaceful Valley Furniture",,,,,,,,,,,,"Peaceful Valley Furniture","PO Box 480","Intercourse, PA 17534",,,,,,,,,"1% 10 Net 30",,,,,,"",,,,,,
,"Active","Peachey's Rustic Furniture",0.00,0.00,"Peachey's Rustic Furniture",,,,,,"717-483-6633",,,,,,"Peachey's Rustic Furniture","268 Long Lane Road","Belleville, PA 17004",,,"Peachey's Rustic Furniture","268 Long Lane Road","Belleville, PA 17004",,,,,,"Non",,,,"",,,,,,
,"Active","Peachey Bulk Foods",0.00,0.00,"Peachey Bulk Foods",,,,,,,,,,,,"Peachey Bulk Foods","2660 S US Hwy 41","Rockville, IN 47872",,,,,,,,,,,"Non",,,,"",,,,,,
,"Active","PHS Office Solutions, LLC",0.00,0.00,"PHS Office Solutions, LLC",,,,,,,,,,,,"PHS Office Solutions, LLC","207 Park Road","Carnegie, PA 15106",,,"PHS Office Solutions, LLC","207 Park Road","Carnegie, PA 15106",,,,,,"Non",,,,"",,,,,,
,"Active","Pine Hill Woodworking",0.00,0.00,"Pine Hill Woodworking",,,,,,,,,,,,"Pine Hill Woodworking","1250 W 200 S","Lagrange, IN 46761",,,"Pine Hill Woodworking","1250 W 200 S","Lagrange, IN 46761",,,,,,"Non",,,,"",,,,,,
,"Active","Pinecraft,com",0.00,0.00,"Pinecraft.com",,,,,,,,,,,,"Pinecraft.com","9910 Laurel Valley Avenue Circle","Bradenton, FL 34202",,,"Pinecraft.com","9910 Laurel Valley Avenue Circle","Bradenton, FL 34202",,,,,,"Non",,,,"",,,,,,
,"Active","Pleasant View Furniture",0.00,0.00,"Pleasant View Furniture",,,,,,,,,,,,"Pleasant View Furniture","3599 US Route 62","Dundee, OH 44624",,,"Pleasant View Furniture","3599 US Route 62","Dundee, OH 44624",,,,,,"Non",,,,"",,,,,,
,"Active","Poor Boy Woodworks, INC",0.00,0.00,"Poor Boy Woodworks, INC",,,,,,,,,,,,"Poor Boy Woodworks, INC","3075 Shattuck, PMB 727","Saginaw, MI 48603",,,"Poor Boy Woodworks, INC","3075 Shattuck, PMB 727","Saginaw, MI 48603",,,,,,"Non",,,,"",,,,,,
,"Active","Primitive Design",0.00,0.00,"Primitive Design",,,,,,,,,,,,"Primitive Design","7044 County Road 201","Millersbuerg, OH 44654",,,"Primitive Design","7044 County Road 201","Millersbuerg, OH 44654",,,,,,"Non",,,,"",,,,,,
,"Active","Pumpkin Patch Market Inc",0.00,0.00,"Pumpkin Patch Market Inc",,,,,,,,,,,,"Pumpkin Patch Market Inc","10532 US 20","Middlebury, IN 46540",,,"Pumpkin Patch Market Inc","10532 US 20","Middlebury, IN 46540",,,,,,"Non",,,,"",,,,,,
,"Active","Quality Woods Furniture",9020.00,9020.00,"Quality Wood Furniture",,,,,,,,,,,,"Quality Wood Furniture","1432 Hwy 52 NW Frontage Rd","Rochester, MN 55901",,,"Quality Wood Furniture","1432 Hwy 52 NW Frontage Rd","Rochester, MN 55901",,,,,,"Non",,,,"",,,,,,
,"Active","Real Amish",0.00,0.00,"Real Amish",,,,,,,,,,,,"Real Amish","28120 SW Boberg Road","Wilsonville, OR 97070",,,"Real Amish","28120 SW Boberg Road","Wilsonville, OR 97070",,,,"1% 10 Net 30",,"Non",,,,"",,,,,,
,"Active","Richard Miller",0.00,0.00,"Richard Miller",,,,,,,,,,,,"Richard Miller","5275 W 700 S","Topeka, IN 46571",,,"Richard Miller","5275 W 700 S","Topeka, IN 46571",,,,,,"Non",,,,"",,,,,,
,"Active","RJ Amish Furniture",0.00,0.00,"RJ Amish Furniture",,,,,,,,,,,,"RJ Amish Furniture","590 Main Ave N","Harmony, MN 55939",,,"RJ Amish Furniture","590 Main Ave N","Harmony, MN 55939",,,,,,"Non",,,,"",,,,,,
,"Active","Rockwood Furniture Co",0.00,0.00,"Rockwood Furniture Co",,,,,,,,,,,,"Rockwood Furniture Co","11570 I-27","Armarillo, TX 79119",,,"Rockwood Furniture Co","11570 I-27","Armarillo, TX 79119",,,,,,"Non",,,,"",,,,,,
,"Active","Rocky Road Finishing",0.00,0.00,"Rocky Road Finishing",,,,,,,,,,,,"Rocky Road Finishing","3620 S 900 W","Topeka, IN 46571",,,"Rocky Road Finishing","3620 S 900 W","Topeka, IN 46571",,,,,,"Non",,,,"",,,,,,
,"Active","Rustic Comforts",0.00,0.00,"Rustic Comforts",,,,,,,,,,,,"Rustic Comforts","HC 82 Box 1283","Duck Creek Village, UT 84762",,,"Rustic Comforts","HC 82 Box 1283","Duck Creek Village, UT 84762",,,,,,"Non",,,,"",,,,,,
,"Active","Salt Creek Chairs",0.00,0.00,"Salt Creek Chairs",,,,,,,,,,,,"Salt Creek Chairs","7337 Salt Creek Rd","Fredericksburg, OH 44627",,,"Salt Creek Chairs","7337 Salt Creek Rd","Fredericksburg, OH 44627",,,,,,"Non",,,,"",,,,,,
,"Active","Saybrook Country Barn",0.00,0.00,"Saybrook Country Barn",,,,,,,,,,,,"Saybrook Country Barn","2 Main St","Old Saybrook, CT 06475",,,"Saybrook Country Barn","2 Main St","Old Saybrook, CT 06475",,,,,,"Non",,,,"",,,,,,
,"Active","Scenic View Furniture",0.00,0.00,"Scenic View Furniture",,,,,,,,,,,,"Scenic View Furniture","380 Keneagy Hill Road","Ronks, PA 17572-9526",,,"Scenic View Furniture","380 Keneagy Hill Road","Ronks, PA 17572-9526",,,,,,"Non",,,,"",,,,,,
,"Active","Schmucker Botanicals",0.00,0.00,"Schmucker Botanicals",,,,,,,,,,,,"Schmucker Botanicals","14648 202nd St","Bloomfield, IA 52537",,,"Schmucker Botanicals","14648 202nd St","Bloomfield, IA 52537",,,,,,"Non",,,,"",,,,,,
,"Active","Schrock's Heritage Furniture",0.00,0.00,"Schrock's Heritage Furniture",,,,,,,,,,,,"Schrock's Heritage Furniture","PO Box 358","Berlin, OH 44610",,,"Schrock's Heritage Furniture","PO Box 358","Berlin, OH 44610",,,,,,"Non",,,,"",,,,,,
,"Active","Seraph",0.00,0.00,"Seraph",,,,,,,,,,,,"Seraph","420 Main St","Sturbridge, MA 01566",,,,,,,,,"1% 10 Net 30",,"Non",,,,"",,,,,,
,"Active","Shaker Furniture of Maine",0.00,0.00,"Shaker Furniture of Maine",,,,,,,,,,,,"Shaker Furniture of Maine","715 US Route One","Scarborough, ME 04074",,,"Shaker Furniture of Maine","715 US Route One","Scarborough, ME 04074",,,,,,"Non",,,,"",,,,,,
,"Active","Silverline, Inc",0.00,0.00,"Silverline, Inc",,,,,,,,,,,,"Silverline, Inc","10635 County Road 28","Middlebury, IN 46540",,,"Silverline, Inc","10635 County Road 28","Middlebury, IN 46540",,,,,,"Non",,,,"",,,,,,
,"Active","Smucker Woodworking",0.00,0.00,"Smucker Woodworking",,,,,,,,,,,,"Smucker Woodworking","1614 Rawlinsville Road","Holtwood, PA 17532",,,"Smucker Woodworking","1614 Rawlinsville Road","Holtwood, PA 17532",,,,,,"Non",,,,"",,,,,,
,"Active","Spring Valley Woodworking",0.00,0.00,"Spring Valley Woodworking",,,,,,,,,,,,"Spring Valley Woodworking","3806-C Yost Road","Gordonville, PA 17529",,,,,,,,,"1% 10 Net 30",,,,,,"",,,,,,
,"Active","Stark Wood Furniture",0.00,0.00,"Stark Wood Furniture",,,,,,,,,,,,"Stark Wood Furniture","7590 Broadway","Merrillville, IN 46410",,,,,,,,,,,"Non",,,,"",,,,,,
,"Active","Stone Barn Furniture",0.00,0.00,"Stone Barn Furniture",,,,,,,,,,,,"Stone Barn Furniture","PO Box 15","Mt Hope, OH 44660",,,"Stone Barn Furniture","PO Box 15","Mt Hope, OH 44660",,,,,,"Non",,,,"",,,,,,
,"Active","Superior Woodcrafts",0.00,0.00,"Superior Woodcrafts",,,,,,,,,,,,"Superior Woodcrafts","112 Industrial Parkway E","Middlebury, IN 46540",,,,,,,,,"1% 10 Net 30",,,,,,"",,,,,,
,"Active","TFL - Trinity Furniture Logistic",0.00,0.00,"TFL - Trinity Furniture Logistic",,,,,,,,,,,,"TFL - Trinity Furniture Logistic","PO Box 7","Lagrange, IN 46761",,,"TFL - Trinity Furniture Logistic","PO Box 7","Lagrange, IN 46761",,,,,,"Non",,,,"",,,,,,
,"Active","The Amish Craftman",0.00,0.00,"The Amish Craftman",,,,,,,,,,,,"The Amish Craftman","5555 Washington Ave, Suite M","Houston, TX 77007",,,"The Amish Craftman","5555 Washington Ave, Suite M","Houston, TX 77007",,,,,,"Non",,,,"",,,,,,
,"Active","The Amish Furniture Shop",0.00,0.00,"The Amish Furniture Shop",,,,,,,,,,,,"The Amish Furniture Shop","6807 W 159th St","Tinley Park, IL 60477",,,"The Amish Furniture Shop","6807 W 159th St","Tinley Park, IL 60477",,,,,,"Non",,,,"",,,,,,
,"Active","The Conrad Grebel Collection",0.00,0.00,"The Conrad Grebel Collections",,,,,,"574-534-5036",,,,,,"The Conrad Grebel Collections","109 E Clinton Suite 5","Goshen, IN 46528",,,"The Conrad Grebel Collections","109 E Clinton Suite 5","Goshen, IN 46528",,,,,,"Non",,,,"",,,,,,
,"Active","The Organic Matress Store",0.00,0.00,"The Organic Matress Store",,,,,,,,,,,,"The Organic Matress Store","1075 Main St","Hellertown, PA 18055",,,,,,,,,"1% 10 Net 30",,,,,,"",,,,,,
,"Active","The Vintage Arror",0.00,0.00,"The Vintage Arrow",,,,,,,,,,,,"The Vintage Arrow","12158 County Road 24","Middlebury, IN  46540",,,"The Vintage Arrow","12158 County Road 24","Middlebury, IN 46540",,,,,,"Non",,,,"",,,,,,
,"Active","The Woods Fine Amish Furniture",0.00,0.00,"The Woods Fine Amish Furniture",,,,,,,,,,,,"The Woods Fine Amish Furniture","435 W Broadway Ste 1","Plainview, MN 55964",,,"The Woods Fine Amish Furniture","435 W Broadway Ste 1","Plainview, MN 55964",,,,,,"Non",,,,"",,,,,,
,"Active","Three Sisters Furnishings",0.00,0.00,"Three Sisters Furnishings",,,,,,,,,,,,"Three Sisters Furnishings","2550 Hwy 9 NE","New London, MN 56273",,,"Three Sisters Furnishings","2550 Hwy 9 NE","New London, MN 56273",,,,,,"Non",,,,"",,,,,,
,"Active","Timber Creek Furniture",350.00,350.00,"Timber Creek Furniture",,,,,,,,,,,,"Timber Creek Furniture","900 Homestead Lane","Chanhassen, MN 55317",,,"Timber Creek Furniture","900 Homestead Lane","Chanhassen, MN 55317",,,,,,"Non",,,,"",,,,,,
,"Active","TMV Enterprises",0.00,0.00,"TMV Enterprises",,,,,,,,,,,,"TMV Enterprises","116 St Andrews Trail","Fontana, WI 53125",,,"TMV Enterprises","116 St Andrews Trail","Fontana, WI 53125",,,,,,"Non",,,,"",,,,,,
,"Active","Topeka Innovative Concepts",0.00,0.00,"Topeka Innovative Concepts",,,,,,,,,,,,"Topeka Innovative Concepts","422 Nature Trail","Topeka, IN 46571",,,"Topeka Innovative Concepts","422 Nature Trail","Topeka, IN 46571",,,,,,"Non",,,,"",,,,,,
,"Active","Town & Country Furniture",900.00,900.00,"Town & Country Furniture",,,,,,,,,,,,"Town & Country Furniture","7412 Massillon Road","Navarre, OH 44662",,,"Town & Country Furniture","7412 Massillon Road","Navarre, OH 44662",,,,"1% 10 Net 30",,,,,,"",,,,,,
,"Active","Trinity Furniture Logistics",0.00,0.00,,,,,,,,,,,,,"Trinity Furniture Logistics","PO Box 7","Lagrange, IN 46761",,,,,,,,,,,"Non",,,,"",,,,,,
,"Active","Troyer Furniture",0.00,0.00,"Troyer Furniture",,,,,,,,,,,,"Troyer Furniture","985 W Main St","Sugarcreek, OH 44681",,,"Troyer Furniture","985 W Main St","Sugarcreek, OH 44681",,,,,,"Non",,,,"",,,,,,
,"Active","True Wood Furniture",0.00,0.00,"True Wood Furniture",,,,,,,,,,,,"True Wood Furniture","607 Strasburg Road","Paradise, PA 17562",,,"True Wood Furniture","607 Strasburg Road","Paradise, PA 17562",,,,,,"Non",,,,"",,,,,,
,"Active","Unique Amish Furniture",0.00,0.00,"Unique Amish Furniture",,,,,,"540-212-7773",,,,,,"Unique Amish Furniture","32 Sandstone Dr","Paradise, PA 17562",,,"Unique Amish Furniture","32 Sandstone Dr","Paradise, PA 17562",,,,,,"Non",,,,"",,,,,,
,"Active","Unique Wood Creations",0.00,0.00,"Unique Wood Creations",,,,,,,,,,,,"Unique Wood Creations","609 Strasburg Road","Paradise, PA 17562",,,"Unique Wood Creations","609 Strasburg Road","Paradise, PA 17562",,,,,,"Non",,,,"",,,,,,
,"Active","Uniquely Styled Design",0.00,0.00,"Uniquely Styled Design",,,,,,,,,,,,"Uniquely Styled Design","1560 Greenview Dr","Celina, OH 45822",,,"Uniquely Styled Design","1560 Greenview Dr","Celina, OH 45822",,,,,,"Non",,,,"",,,,,,
,"Active","USA Gun Cabinets",0.00,0.00,"USA Gun Cabinets",,,,,,,,,,,,"USA Gun Cabinets","PO Box 36","Holtwood, PA 17532",,,"USA Gun Cabinets","PO Box 36","Holtwood, PA 17532",,,,,,"Non",,,,"",,,,,,
,"Active","Valley View Transport",0.00,0.00,"Valley View Transport",,,,,,,,,,,,"Valley View Transport","8211 Township Road 652","Millersburg, OH 44654",,,"Valley View Transport","8211 Township Road 652","Millersburg, OH 44654",,,,,,"Non",,,,"",,,,,,
,"Active","Wana Cabinets",0.00,0.00,"Wana Cabinets",,,,,,,,,,,,"Wana Cabinets","7245 W 200 N","Shipshewana, IN 46565",,,,,,,,,,,"Non",,,,"",,,,,,
,"Active","Weaver Furniture Sales",1900.00,1900.00,"Weaver Furniture Sales",,,,,,,,,,,,"Weaver Furniture Sales","7870 W 075 N","Shipshewana, IN 46565",,,,,,,,,"1% 10 Net 30",,,,,,"",,,,,,
,"Active","Welcome Amish Furniture",1500.00,1500.00,,,,,,,,,,,,,"Welcome Amish Furniture","10575 Keystone Ave NE","Albertville, MN 55301",,,"Welcome Amish Furniture","10575 Keystone Ave NE","Albertville, MN 55301",,,,,,"Non",,,,"",,,,,,
,"Active","Wheatstate Wood Design",0.00,0.00,"Wheatstate Wood Design",,,,,,,,,,,,"Wheatstate Wood Design","10435 N West Road","Hesston, KS 67062",,,"Wheatstate Wood Design","10435 N West Road","Hesston, KS 67062",,,,,,"Non",,,,"",,,,,,
,"Active","Windy Ridge Furniture",0.00,0.00,"Windy Ridge Furniture",,,,,,,,,,,,"Windy Ridge Furniture.","Dan Swartzentruber","32728 County Road 16","Harmony, MN 55939",,"Windy Ridge Furniture.","Dan Swartzentruber","32728 County Road 16","Harmony, MN 55939",,,,,"Non",,,,"",,,,,,
,"Active","Windy Valley",0.00,0.00,"Windy Valley",,,,,,,,,,,,"Windy Valley","139-A Colonial Road","Gordonville, PA 17529",,,,,,,,,"1% 10 Net 30",,"Non",,,,"",,,,,,
,"Active","Woody's Furniture",0.00,0.00,"Woody's Furniture - MN",,,,,,,,,,,,"Woody's Furniture - MN","5217 Excelsior Blvd","St Louis Park, MN 55416",,,"Woody's Furniture - MN","5217 Excelsior Blvd","St Louis Park, MN 55416",,,,,,"Non",,,,"",,,,,,
,"Active","Y&T Woodcraft",0.00,0.00,"Y&T Woodcraft",,,,,,,,,,,,"Y&T Woodcraft","10861 Lautenschlager Road","Apple Creek, OH 44606",,,"Y&T Woodcraft","10861 Lautenschlager Road","Apple Creek, OH 44606",,,,,,"Non",,,,"",,,,,,
,"Active","Yoder's Indian Creek Furniture",0.00,0.00,"Yoder's Indian Creek Furniture",,,,,,,,,,,,"Yoder's Indian Creek Furniture","22769 Route V64","Milton, IA 52570",,,,,,,,,,,"Non",,,,"",,,,,,
,"Active","Yoder Furniture",0.00,0.00,"Yoder Furniture",,,,,,,,,,,,"Yoder Furniture","14875 Fremont Dr","Utica, MN 55979",,,"Yoder Furniture","14875 Fremont Dr","Utica, MN 55979",,,,,,"Non",,,,"",,,,,,
,"Active","Zicom Inc C/O Premium Poly Patios",200.00,200.00,"Zicom Inc C/O Premium Poly Patios",,,,,,,,,,,,"Zicom Inc C/O Premium Poly Patios","1200 Falcon Ave","Miami Springs, FL 33166",,,"Zicom Inc C/O Premium Poly Patios","1200 Falcon Ave","Miami Springs, FL 33166",,,,,,"Non",,,,"",,,,,,
